{"cameraMode":{"drawMode":0,"name":"Shaded","section":"Shading Mode"},"sceneLighting":false,"audioPlay":false,"sceneViewState":{"showFog":true,"showMaterialUpdate":false,"showSkybox":false,"showFlares":true,"showImageEffects":true,"showParticleSystems":true},"in2DMode":false,"pivot":{"x":-0.1614990234375,"y":-0.4129638671875,"z":-0.18701171875},"rotation":{"x":0.13477106392383576,"y":-0.7959569692611694,"z":0.19225499033927918,"w":0.5579674243927002},"size":12.273628234863282,"orthographic":true}