{"cameraMode":{"drawMode":0,"name":"Shaded","section":"Shading Mode"},"sceneLighting":true,"audioPlay":false,"sceneViewState":{"showFog":true,"showMaterialUpdate":false,"showSkybox":true,"showFlares":true,"showImageEffects":true,"showParticleSystems":true},"in2DMode":false,"pivot":{"x":-13.212202072143555,"y":-12.884393692016602,"z":14.330400466918946},"rotation":{"x":0.21142636239528657,"y":-0.42926838994026186,"z":0.10409247130155564,"w":0.8718962073326111},"size":43.00754928588867,"orthographic":false}