{"cameraMode":{"drawMode":0,"name":"Shaded","section":"Shading Mode"},"sceneLighting":true,"audioPlay":false,"sceneViewState":{"showFog":true,"showMaterialUpdate":false,"showSkybox":true,"showFlares":true,"showImageEffects":true,"showParticleSystems":true},"in2DMode":false,"pivot":{"x":-3.2191035747528078,"y":-0.4715070128440857,"z":-0.2892969846725464},"rotation":{"x":0.28867119550704958,"y":-0.26677486300468447,"z":0.08410327136516571,"w":0.9156579971313477},"size":1.8165950775146485,"orthographic":false}