{"cameraMode":{"drawMode":0,"name":"Shaded","section":"Shading Mode"},"sceneLighting":true,"audioPlay":false,"sceneViewState":{"showFog":true,"showMaterialUpdate":false,"showSkybox":true,"showFlares":true,"showImageEffects":true,"showParticleSystems":true},"in2DMode":false,"pivot":{"x":-71.5702133178711,"y":-20.694175720214845,"z":180.6822967529297},"rotation":{"x":-0.26645562052726748,"y":0.20169615745544434,"z":-0.057126980274915698,"w":-0.9407815933227539},"size":244.3727264404297,"orthographic":false}