{"cameraMode":{"drawMode":0,"name":"Shaded","section":"Shading Mode"},"sceneLighting":false,"audioPlay":false,"sceneViewState":{"showFog":true,"showMaterialUpdate":false,"showSkybox":false,"showFlares":true,"showImageEffects":true,"showParticleSystems":true},"in2DMode":false,"pivot":{"x":-9.446578025817871,"y":2.280837059020996,"z":-3.225470781326294},"rotation":{"x":0.01755242794752121,"y":0.8724752068519592,"z":-0.03142194449901581,"w":0.4873349070549011},"size":0.48808038234710696,"orthographic":false}