{"cameraMode":{"drawMode":0,"name":"Shaded","section":"Shading Mode"},"sceneLighting":false,"audioPlay":false,"sceneViewState":{"showFog":true,"showMaterialUpdate":false,"showSkybox":false,"showFlares":true,"showImageEffects":true,"showParticleSystems":true},"in2DMode":false,"pivot":{"x":-0.20751953125,"y":-0.39306640625,"z":-0.19580078125},"rotation":{"x":0.32523873448371889,"y":-0.28264978528022768,"z":0.10253529995679856,"w":0.8965581655502319},"size":1.5090610980987549,"orthographic":true}