{"cameraMode":{"drawMode":0,"name":"Shaded","section":"Shading Mode"},"sceneLighting":true,"audioPlay":false,"sceneViewState":{"showFog":true,"showMaterialUpdate":false,"showSkybox":true,"showFlares":true,"showImageEffects":true,"showParticleSystems":true},"in2DMode":false,"pivot":{"x":465.0028076171875,"y":148.2378387451172,"z":-0.0002107319887727499},"rotation":{"x":0.003892413806170225,"y":0.04948051646351814,"z":-0.00018919679860118777,"w":0.9987866282463074},"size":393.6214904785156,"orthographic":true}